﻿pos_x,pos_y,rotation,side,designator,mpn,pack,footprint,value,mount_type
151.13,-68.612,-95.19900000000001,bottom,B1,,,Battery_Holder_Keystone_2466_1xAAA_TH,~,tht
173.228,-94.742,0.0,top,C1,,,Cap_THT_0.5mm,1uF,tht
173.228,-99.568,0.0,top,C2,,,Cap_THT_0.5mm,1uF,tht
128.778,-90.932,90.0,top,D1,,,LEDs_with_wires,White,tht
128.778,-82.55,90.0,top,D2,,,LEDs_with_wires,White,tht
156.21,-95.512,180.0,top,J1,,,3.5mm_CUI_SJ1-3525NG_Horizontal,~,tht
147.574,-72.898,0.0,top,MOD1,,,Nano_V3_SuperMini,~,tht
165.354,-72.644,-90.0,top,MOD2,,,0.9-5V_To_5V_DC-DC_Step-Up_Power_Module,~,tht
167.64,-95.25,-90.0,top,R1,,,Resistor_THT_0.25W,4.7K,tht
164.338,-95.25,-90.0,top,R2,,,Resistor_THT_0.25W,4.7K,tht
133.858,-93.218,90.0,top,R3,,,Resistor_THT_0.25W,47,tht
133.858,-80.01,90.0,top,R4,,,Resistor_THT_0.25W,47,tht
169.926,-62.738,180.0,top,S1,,,SPST_Slide_Switch_5-pin,"SPST, 5-pin",tht
