﻿Designator,Quantity,Value,Footprint,Package,MPN,DNP,Mount_Type,Description,url
B1,1,~,Battery_Holder_Keystone_2466_1xAAA_TH,,,,tht,1xAAA Battery Holder,https://www.aliexpress.com/item/1005006156901202.html
"C1, C2",2,1uF,Cap_THT_0.5mm,,,,tht,Unpolarized capacitor,https://www.aliexpress.com/item/1005006779043359.html
"D1, D2",2,White,LEDs_with_wires,,,,tht,Light emitting diode,https://www.aliexpress.com/item/1005005180782404.html
J1,1,~,3.5mm_CUI_SJ1-3525NG_Horizontal,,,,tht,Stereo switched 3.5 audio jack,https://www.aliexpress.com/item/1005005796606716.html
MOD1,1,~,Nano_V3_SuperMini,,,,tht,"NANO V3.0 / Nano SuperMini Type-C, ATmega328P, CH340 Serial Port",https://www.aliexpress.com/item/1005006468917096.html
MOD2,1,~,0.9-5V_To_5V_DC-DC_Step-Up_Power_Module,,,,tht,0.9-5V To 5V DC-DC Step-Up Power Module,https://www.aliexpress.com/item/1005003932299815.html
"R1, R2",2,4.7K,Resistor_THT_0.25W,,,,tht,"Resistor, US symbol",
"R3, R4",2,47,Resistor_THT_0.25W,,,,tht,"Resistor, US symbol",
S1,1,"SPST, 5-pin",SPST_Slide_Switch_5-pin,,,,tht,SPST slide switch with PCB mounting holes,https://www.aliexpress.com/item/1005007585395420.html
